file,llm_add_score,local_add_score,difference,llm_explanation
mimers_brunn_short_1.txt,1.0,3.0609756097560976,2.0609756097560976,"To calculate the Average Dependency Distance (ADD) score for the given text, we first need to perform a dependency parse of the text, which identifies the syntactic relationships between the words in a sentence.

Here's a step-by-step breakdown of how we can calculate the ADD score for the text:

**Sentence 1:** Under 1800-talets slut bodde svenskarna på landet och det var bara två av tio som bodde i städerna.

1. Under (0) -> 1800-talets (3)  |0-3|=3
2. 1800-talets (3) -> slut (4)  |3-4|=1
3. Under (0) -> bodde (5)  |0-5|=5
4. bodde (5) -> svenskarna (4)  |5-4|=1
5. på (6) -> landet (7)  |6-7|=1
6. och (8) -> var (9)  |8-9|=1
7. det (10) -> var (9)  |10-9|=1
8. var (9) -> bara (11)  |9-11|=2
9. av (13) -> tio (14)  |13-14|=1
10. som (15) -> bodde (5)  ( long-distance dependency)  |15-5|=10
11. i (17) -> städerna (18)  |17-18|=1
12. städerna (18) -> i (17)  |18-17|=1 

**Sentence 2:** Vid år 2000 bodde det så mycket som nio av tio av svenskarna i städer och tätorter.

1. Vid (0) -> år (1)  |0-1|=1
2. år (1) -> 2000 (2)  |1-2|=1
3. 2000 (2) -> bodde (3)  |2-3|=1
4. det (4) -> bodde (3)  |4-3|=1
5. så (6) -> mycket (7)  |6-7|=1
6. så (6) -> som (8)  |6-8|=2
7. nio (10) -> av (9)  |10-9|=1
8. av (9) -> tio (11)  |9-11|=2
9. av (9) -> nio (10)  (conflict, we ignore this)
10. av (9) -> tio (11)  (conflict, we ignore this)
11. av (14) -> svenskarna (13)  (conflict, we ignore this,  av tio is head for av av av the above avs) 
12. i (18) -> städer (19)  |18-19|=1
13. städer (19) -> och (17)  (conflict, we ignore this)
14. tätorter (21) -> och (20)  |21-20|=1
15. och (20) -> städer (19)  |20-19|=1 

(Note: we ignore conflicts with 'av' multiple times in a sentence due to translation of many items and make 1 'av' as head for word 'tio')

**Sentence 3:** Urbaniseringen, som detta kallas, har gjort så att hälften av dagens befolkning bor i de femton största städerna.

1. Urbaniseringen (0) -> som (2)  |0-2|=2
2. som (2) -> detta (3)  |2-3|=1
3. som (2) -> kallas (4)  |2-4|=2
4. kallas (4) -> Urbaniseringen (0)  ( long-distance dependency)  |4-0|=4
5. har (6) -> gjort (7)  |6-7|=1
6. så (9) -> att (10)  |9-10|=1
7. att (10) -> hälften (11)  |10-11|=1
8. av (13) -> befolkning (14)  |13-14|=1
9. i (17) -> städerna (19)  |17-19|=2
10. städerna (19) -> de (15)  (conflict, we ignore this, make  'städerna' as head instead of 'styderna' and 'de' and it's stör"
mimers_brunn_short_2.txt,1.0,2.586206896551724,1.5862068965517242,"To calculate the Average Dependency Distance (ADD) of the text, we need to identify the head word of each word and its position in the sentence. We will then calculate the absolute distance between a word and its head and finally apply the formula: ADD = (1/n) * Σ|h_i - i|.

We will consider each sentence separately.

1. FN bildades den 24 oktober år 1945.
- The head word 'bildades' is related to 'FN'. |6-1| = 5
- 'bildades' is related to itself. |1| = 0
- 'den' is related to 'FN'. |6-3| = 3
- '24 oktober' is related to 'den'. |4-5| = 1 (as '24 oktober' comes after 'den' in this dependency relation)
- 'året' is implied but not explicitly mentioned; '1945' is related to 'året'. However, in this context, we will consider 'den 24 oktober år 1945' as a group, hence '1945' is related to 'den'. |6-5| = 1
- Total: 5 + 0 + 3 + 1 + 1 = 10; Number of words (n): 6; Absolute distance for sentence: 10*2 (accounting for considering '24 oktober' after 'den') = 20
- 1/n * Σ|h_i - i|: 6 * 20 / (6 * 2) = 20 / 6 = 3.33 (for this sentence only), for the two implied words we don't add anything

2. Deras föregångare var Nationernas förbund, men dom lyckades inte så bra.
- The head word 'var' is related to 'Deras'. |2-1| = 1
- 'var' is related to itself (not included as h_i for i = 2). next relation
- 'var' is related to 'Nationernas förbund'. The subject is Deras but the object of relation is 'Nationernas förbund'. As the verb ""var"" position is in middle we consider position for the relation. Consider only the distance to the object of the verb 'var' will result in minimum dependency hence |3-1| = 2
- 'men' is related to 'dom' and the verb but that isn't mentioned yet hence we look for 'lyckades' of such relation hence 'lyckades' = 6, |6-5| = 1 considering both object hence min (1, 7) therefore (h_i = 6 i) thus 1 is the consideration i.e next word so minimum dependency between the subject and object consideration:  |7-4| is = 3 while other dependency considered was 4 words away is not optimal therefore our number is min (i = 7 h_i = 4) 4 words between i. |7-4|  = 3 and then as mentioned min distance for next relations as done before lyckades', we now assign 'dom': 0, and minimum values to the rest to the corresponding verbs related we get: |5 or 8-5, | = min 3 
- We calculate with respect to only the distance that is shown we drop 'ih' dependencies |h-ih| if values would be 0. Our verb would also be considered the ones which relate the effect in an equation. Its absolute Distances will add to like in current h_ position= |hi-x hii.. >ih |for h the word first when x2 value becomes i minimum while we keep moving and trying same words.
  after doing minimum adjustments not taking the whole | Domen after adjusting > 8 calculations being not related same > |ih-ih|
- Next calculation depends heavily not even considering positions  |4-1| + is around |for both combined >h or value to both like the word2 h in Deras3 given equation: 2:  |around >5<  |thus max with value around7 
-> dom relation position put across absolute value resulting word values added, just one minimum given relation to our computation for 'dom'. Since no option is chosen our previous relation is based n relation if put, minimum absolute the results, sum becomes relation dependent words calculation simply: |1| |11 is for sum we give 8 and around 7 we cut by2
However a most optimal, calculation done while we calculate is relation dependent its absolute minimum is always 0 min word dependence that i dependency when such dependent that becomes h word first for i: h that a relative opt dependent when depend this on i th its x th most has and absolute >x lower dependency words related simple + 0 simple equation lower becomes then simple"
mimers_brunn_short_3.txt,,2.933333333333333,N/A,
mimers_brunn_short_4.txt,,2.9468085106382977,N/A,
mimers_brunn_short_5.txt,,3.0319148936170213,N/A,
diva_short_2.txt,,2.971014492753623,N/A,
diva_short_3.txt,,3.25,N/A,
diva_short_1.txt,,2.9743589743589745,N/A,
diva_short_4.txt,,3.2436974789915967,N/A,
diva_short_5.txt,,3.5606060606060606,N/A,
mimers_brunn_short_1.txt,1.0,3.0609756097560976,2.0609756097560976,"To calculate the Average Dependency Distance (ADD) score, we need to analyze the given text, identify the syntactically related words, and determine their positions. Since the text is in Swedish, I'll analyze the text by breaking it down into individual sentences, then identify the dependencies and calculate the distances.


 Sentence 1: 
""Under 1800-talets slut bodde svenskarna på landet och det var bara två av tio som bodde i städerna.""

1. Under ( Head: None, 1) -> Dependency: 'Insubordinate clause'
2. 1800-talets (Modifier of: slut, 3) -> Dependency: 'Of'
   i.e., 1800-talets (Position 2) -i (Position 2) = 0
3. slut (Head: bodde) -> Dependency: 'Clause subject'
   i.e., bodde (Position 4) -i (Position 3) = 1
4. bodde (Head: None) -> Dependency: 'Main Verb'
5. svenskarna (Head: bodde) -> Dependency: 'Direct object'
   i.e., bodde (Position 4) -i (Position 5) = -1
6. på (Head: bodde) -> Dependency: 'Adverbial clause'
   i.e., bodde (Position 4) -i (Position 6) = -2
7. landet (Head: på) -> Dependency: 'Direct object'
   i.e., på (Position 6) -i (Position 7) = -1
8. och (Conjunctive)
9. det (Reference to: svenskarna) -> Dependency: 'Clause subject'
   i.e., svenskarna (Position 5) -i (Position 9) = -4 
10. var (Head: None) -> Dependency: 'Main Verb'
11. bara (Head: två av tio) -> Dependency: 'Modifier clause'
   i.e., två av tio (Position 11) -i (Position 10) = 1
12. två (Modifier of: Av tio, 13) -> Dependency: 'Noun modifier'
   i.e., två (Position 11) -i (Position 12) = -1
13. av (Modifier of: tio, 14)
14. tio (Head: var) -> Dependency: 'Predicate nominative'
   i.e., var (Position 10) -i (Position 14) = -4
15. som (Subordinate clause connector)
16. bodde (Head: None) -> Dependency: 'Subordinate clause subject'
17. i (Head: bodde) -> Dependency: 'Prepositional phrase'
   i.e., bodde (Position 16) -i (Position 17) = -1
18. städerna (Head: i) -> Dependency: 'Prepositional phrase'
   i.e., i (Position 17) -i (Position 18) = -1

Sum of absolute distances: 
|3-4| + |4-1| + |4-5 1| + |4-6 2| + |5+1 6| + |5-5 0| + |2-6 |-4| + |6-6-5 1'| +  |-1|- '1'| + |- 2 3| + |- 2-3 1'| 
ADD_score sentence = 1/18 (|1| + |-1| +|-2| + |0| + |-1| + |-4| + |-4| + |-2| + |-1| + |-1|- |-1'| +|2| + |-4'|)= 1/18 (16) =0.89

Sentence 2: 
""Vid år 2000 bodde det så mycket som nio av tio av svenskarna i städer och tätorter.""

1. Vid (Head: bodde) - Dependency: Adverbial clause
   i.e., bodde (Position 3) -i (Position 1) = 2
2. år (Head: Vid) - Dependency: Noun modifier 
   i.e., vid (Position 1) -i (Position 2) = -1
3. 2000 (Modifier of: år) -  Dependency: Numerical year, 
   i.e., år (Position 2) -i (Position 3) = -1
4. bodde (Head: None) - Dependency: Main verb
5. det (Reference to: svenskarna) - Dependency: Direct object
   i.e., svenskarna (Position 10) -i (Position 5) = -5 
6. så (Head: mycket"
mimers_brunn_short_1.txt,1800.0,3.0609756097560976,1796.939024390244,"To calculate the Average Dependency Distance (ADD) in the given text, we will need to parse the sentences and identify the syntactic relationships between words. Since the text is in Swedish and translation might be required, please note that my explanation and calculations might not be entirely accurate.

Here's a step-by-step breakdown of the first sentence:

""Under 1800-talets slut bodde svenskarna på landet och det var bara två av tio som bodde i städerna.""

1. Segment the sentence into words: Under, 1800-talets, slut, bodde, svenskarna, på, landet, och, det, var, bara, två, av, tio, som, bodde, i, städerna.

   (Let's number the words: 1. Under, 2. 1800-talets, 3. slut, 4. bodde, 5. svenskarna, 6. på, 7. landet, 8. och, 9. det, 10. var, 11. bara, 12. två, 13. av, 14. tio, 15. som, 16. bodde, 17. i, 18. städerna)

2. Identify the head words for each word in the sentence.

   The head word is usually the word that syntactically dominates a word in a sentence. Using dependency grammar, we can parse the sentence as follows:
   - 1. Under depends on 4. bodde
   - 2. 1800-talets depends on 3. slut ( modifier )
   - 3. slut depends on 4. bodde
   - 4. bodde is the head verb ( main action )
   - 5. svenskarna depends on 4. bodde
   - 6. på depends on 7. landet
   - 7. landet depends on 4. bodde
   - 8. och is a conjunction and doesn't have a clear dependency on one word; we'll add its distance later or consider the average dependency.
   - 9. det depends on 10. var
   - 10. var depends on 4. bodde ( assuming it as a sub-clause dependency )
   - 11. bara depends on 12. två
   - 12. två depends on 14. tio ( via av, in a PP relation )
   - 13. av depends on 14. tio
   - 14. tio depends on 12. två ( but ultimately related to 15. som and 16. bodde in the clause 'två av tio som bodde i städerna' )
   - 15. som depends on 16. bodde
   - 16. bodde depends on 4. bodde ( assumed parallel verb dependency )
   - 17. i depends on 18. städerna
   - 18. städerna depends on 16. bodde

Given this dependency structure, we calculate the absolute distance between each word and its head.

| word  | head word  | dist  |
|-------|------------|-------|
| 1     | 4          | 3     |
| 2     | 3          | 1     |
| 3     | 4          | 1     |
| 4     | -          | 0     |
| 5     | 4          | 1     |
| 6     | 7          | 1     |
| 7     | 4          | 3     |
| 8     | -          | 2     | (avg. with neighboring words)
| 9     | 10         | 1     |
| 10    | 4          | 6     |
| 11    | 12         | 1     |
| 12    | 14         | 2     |
| 13    | 14         | 1     |
| 14    | 12         | 2     |
| 15    | 16         | 1     |
| 16    | 4          | 12    | (not very common; may revise to a lower estimate)
| 17    | 18         | 1     |
| 18    | 16         | 2     |

Summing the distances (3 + 1 + 1 + 0 + 1 + 1 + 3 + 2 + 1 + 6 + 1 + 2 + 1 + 2 + 2 + 6 + 1 + 2): we get 34.

Now we can calculate the average dependency distance for this sentence: ADD = 34 / 18 ≈ 1.89

"
mimers_brunn_short_2.txt,1.0,2.586206896551724,1.5862068965517242,"To calculate the Average Dependency Distance (ADD) score for the given text, we will need to analyze the dependency relationships between the words in each sentence and then apply the formula.

1. Break down the text into individual sentences:
- FN bildades den 24 oktober år 1945.
- Deras föregångare var Nationernas förbund, men dom lyckades inte så bra.
- Nationernas förbund klarade inte va pressen efter första världskriget.
- Efter 2: a världskriget så bestämde sig 51 länder att bilda FN, Förenta nationerna.
- I början av 1994 så var de 184 länder som var medlemmar i FN.

2. Identify the parts of speech (such as nouns, verbs, adjectives, adverbs, etc.) and their relationships for each sentence. To simplify the process, we will use a basic dependency parsing.

- Sentence 1:
FN (noun) - bildades (verb) - den (pronoun) - 24 oktober år 1945 (prepositional phrase)
The dependencies for this sentence are:
- FN (head) - bildades (dependent), distance = 1
- bildades (head) - den (dependent), distance = 1
- den (head) - 24 (dependent), distance = 1
- 24 (head) - oktober (dependent), distance = 1
- oktober (head) - år (dependent), distance = 1
- år (head) - 1945 (dependent), distance = 1

- Sentence 2:
Deras (adjective) - föregångare (noun) - var (verb) - Nationernas förbund (noun phrase), - men (conjunction) - dom (pronoun) - lyckades (verb) - inte (adverb) - så (adverb) - bra (adverb)
The dependencies for this sentence are:
- Deras (head) - föregångare (dependent), distance = 1
- föregångare (head) - var (dependent), distance = 2
- var (head) - Nationernas (dependent), distance = 2
- Nationernas (head) - förbund (dependent), distance = 1
- förbund (head) - men (dependent), distance = 2
- men (head) - dom (dependent), distance = 2
- dom (head) - lyckades (dependent), distance = 3
- lyckades (head) - inte (dependent), distance = 1
- inte (head) - så (dependent), distance = 1
- så (head) - bra (dependent), distance = 1

- Sentence 3:
Nationernas (adjective) - förbund (noun) - klarade (verb) - inte (adverb) - va (conjunction) - pressen (noun) - efter (preposition) - första (adjective) - världskriget (noun)
The dependencies for this sentence are:
- Nationernas (head) - förbund (dependent), distance = 1
- förbund (head) - klarade (dependent), distance = 2
- klarade (head) - inte (dependent), distance = 1
- inte (head) - va (dependent), distance = 1
- va (head) - pressen (dependent), distance = 2
- pressen (head) - efter (dependent), distance = 2
- efter (head) - första (dependent), distance = 1
- första (head) - världskriget (dependent), distance = 1

- Sentence 4:
Efter (preposition) - 2: a (adjective) - världskriget (noun) - så (conjunction) - bestämde (verb) - sig (pronoun) - 51 (number) - länder (noun) - att (subordinating conjunction) - bilda (verb) - FN (noun), Förenta (adjective) - nationerna (noun)
The dependencies for this sentence are:
- Efter (head) - 2: a (dependent), distance = 1
- 2: a (head) - världskriget (dependent), distance = 1
- världskriget (head) - så (dependent), distance = 2
- så (head) - bestämde (dependent), distance = 3
- bestämde (head) - sig (dependent), distance = 1
- sig (head) - 51 (dependent), distance = 1
- 51"
mimers_brunn_short_3.txt,,2.933333333333333,N/A,
mimers_brunn_short_4.txt,1.0,2.9468085106382977,1.9468085106382977,"To calculate the Average Dependency Distance (ADD) score of the given text, I will analyze the text and determine the syntactic dependencies between words. Please note that this is a manual analysis, and the accuracy might be affected by the complexity of the text and my understanding of the sentence structures.

First, I will break the text into individual sentences:
1. Jag skulle vilja säga att imperialismen började så långt tillbaks som för 2000år sedan, och då tänker jag främst på rommarna som hade erövrat stora delar Europa och även delar av Asien.
2. Rommarna styrde dem kända världen som dem mest överlägsnaste ledaren i världen.
3. Jag skulle även vilja kalla spanjorerna och portugiserna för imperialister.
4. De tog över helavärldsdelar och tog dem som kolonier.
5. Dessa länder ihop med tyskland och England koloniserade även hela Afrika och i och med det kom också handeln med slavar som skeppades i massor till ""den nya världen"" Amerika.

Now, I will analyze each sentence and determine the head word for each word in the sentence. Since the provided text is in Swedish, I will base my analysis on the grammatical structures and word order typically found in Swedish.

**Sentence 1:**
1. Jag [head: none] 
2. skulle [head: none] 
3. vilja [head: none] 
4. säga [head: 3 (vilja)] 
5. att [head: 4 (säga)] 
6. imperialismen [head: 4 (säga)] 
7. började [head: 6 (imperialismen)] 
8. så [head: 7 (började)] 
9. långt [head: 10 (så långt tillbaks som förr 2000år sedan)] 
10. tillbaks [head: 7 (började)] 
11. som [head: 7 (började)] 
12. för [head: 14 (sommartiden och haden)] 
13. 2000år [head: 10 (så långt tillbaks som)] 
14. sedan [head: 7 (började)] 
15. och [head: none] 
16. då [head: none] 
17. tänker [head: 20 (tänker jag främst på rommarna som hade erövrat stora delar)] 
18. jag [head: none] 
19. främst [head: 20 (tänker jag främst)] 
20. på [head: none]
21. rommarna [head: 23 (samma som hade erövrat)] 
22. som [head: 21 (rommarna)] 
23. hade [head: 21 (rommarna)] 
24. erövrat [head: 21 (rommarna)] 
25. stora [head: 27 (samma som stora delar)] 
26. delar [head: 27 (samma som stora delar)] 
27. Europa [head: 27 (Europa)] 
28. och [head: none] 
29. även [head: 31 (även delar av Asien)] 
30. delar [head: 31 (även delar av Asien)] 
31. av [head: 32 (delar av Asien)] 
32. Asien [head: 32 (Asien)]

 Calculating the dependency distances:
- (säga-3), (vilja-4), (säga-4), (att-5), (imperialismen-6), (började-6), (så-8), (långt-8), (så-10), (så-11), (som-12), (så-13), (som-14), (imperialismen-14), (som-16), (då-17), (tänker-19) (jag-18), (som-21), (rommarna-22), (som-23), (rommarna-24), (erövrat-25), (delar-26), (rommarna-27), (samma-28) ,and some that can be calculated and are longer.

List the average:
It is challenging with the grammar as is and calculating, this being a text of more than once sentence.



Now averaging the average for the entire text"
mimers_brunn_short_5.txt,,3.0319148936170213,N/A,
diva_short_2.txt,1.0,2.971014492753623,1.971014492753623,"To calculate the Average Dependency Distance (ADD) score, we will analyze the given text, identify the syntactically related words, and then apply the formula.

Please note that the given text is a passage, but the ADD calculation requires a sentence-by-sentence analysis. We will analyze each sentence separately.

**Sentence 1:** En dator brukar delas in i tre olika delar.

1. En (1) - Head word: dator (2) - Distance: 1
2. dator (2) - Head word: delas (3) - Distance: 1
3. brukar (3) - Head word: delas (3) - Distance: 0
4. delas (4) - Head word: delas (4) - Distance: 0
5. in (5) - Head word: delas (4) - Distance: 1
6. i (6) - Head word: delas (4) - Distance: 2
7. tre (7) - Head word: delas (4) - Distance: 3
8. olika (8) - Head word: delas (4) - Distance: 4
9. delar (9) - Head word: delas (4) (as 'delas in' is a verb phrase, 'delar' is related to 'delas')  - Distance: 5

ADD for Sentence 1: (1 + 1 + 0 + 0 + 1 + 2 + 3 + 4 + 5) / 9 = 17 / 9 = 1.89

**Sentence 2:** Nämn dessa delar och förklara varför man valt just denna indelning.

1. Nämn (1) - Head word: Nämn (1) - Distance: 0
2. dessa (2) - Head word: delar (3) - Distance: 1
3. delar (3) - Head word: Nämn (1) - Distance: 2
4. och (4) - Head word: Nämn (1) - Distance: 3
5. förklara (5) - Head word: Nämn (1) - Distance: 4
6. varför (6) - Head word: valt (7) - Distance: 1
7. man (7) - Head word: valt (7) - Distance: 0
8. valt (8) - Head word: valt (8) - Distance: 0
9. just (9) - Head word: valt (8) - Distance: 1
10. denna (10) - Head word: indelning (12) - Distance: 2
11. indelning (12) - Head word: förklara (5) - Distance: 7

However, I realized that Swedish words were not translated in the following, here is my revised version and then I just made my best to put this revised text back into the Swedish text by intuition of it. (But without correct revision scores)

ADD for Sentence 2: (0 + 1 + 2 + 3 + 4 + 1 + 0 + 0 + 1 + 7 + needs revision for this sentence due to the nature of translation and correct revisions if possible)
To have more correct results each would have been helpful for ADD

Thus to revise correct sentence and re-analyze it if needed, here is my basic intuition: 

1. Explain (1) - Head word: Explain (1) - Distance: 0
2. these (2) - Head word: parts (3) - Distance: 1
3. parts (3) - Head word: Explain (1) - Distance: 2
4. and (4) - Head word: Explain (1) - Distance: 3
5. specify (5) - Head word: Explain (1) - Distance: 4
6. why (6) - Head word: chose (7) - Distance: 1
7. have (7) - Head word: chose (7) - Distance: 0
8. chose (8) - Head word: chose (8) - Distance: 0
9. just (9) - Head word: chose (8) - Distance: 1
10. it (10)  ( Swedish word denna needs the object thus changed it from a word, which make Distance become shorter when make “division” to Head Word)
11. division (12) - Head word: specify (5) (replacing varför thus need a correct to get shorter headword with more likely the most appropriate and then revised) - Distance: 7 

 Thus, revised Distance Scores
ADD for Sentence 2: (0 +"
diva_short_3.txt,,3.25,N/A,
diva_short_1.txt,1.0,2.9743589743589745,1.9743589743589745,"To calculate the Average Dependency Distance (ADD), we need to break down the text into its constituent sentences and words, and then identify the heads and their dependents.

1. 'Finns det någon mening med att studera historia?'
   - 'Finns' (1, head): dependent 'det' (2), distance: 1
   - 'det' (2, head): dependent 'någon' (3), distance: 1
   - 'med' (4, head): dependent of 'att' (5), distance: 1
   - 'att' (5, head): dependent of 'studera' (7), distance: 1
   - 'historia' (7): head, distance: 0
   Total distance for this sentence: 1 + 1 + 1 + 1 = 4
   Total number of words: 7
   Average distance for this sentence: (1/4) * 4 = 1

However, for ADD, we must calculate for the entire text not per sentence.

2. 'Jag anser att det gör det.'
   - 'Jag' (8, head): dependent 'anser' (9), distance: 1
   - 'att' (10, head): dependent of 'det' (11) (main argument or dependent, complex to analyze which the head phrase).
   - Let's assume 'att' is the head, then 
   - 'att' has distance to the 'det'(12), the object head, distance 3.
 Total distance: 1 + 3 = 4
   Total number of words for this sentence: 6
   Total text words so far = 7+6= 13 
   Total distance so far = 4 (the first sum) + 4 (sum two), which is 8.

3. 'Som ett argument för det kan man använda det klassiska uttrycket:'
   This is too long. Split only the argument at parts
  - 'Som' head object, part dependent of (10,'att') since too complex for the format and time requirement.
  - First have argued, 'ett' word,  head verb.
  -  'Som'  is  (16): distance  7, a guess -since is extremely convoluted the verb subject object parts that relate and interrelate inside a single large sentence that is being treated too casually here.

   Total distance so far: 8 (Two previous short sentences) + 7 (A Distance calculated based on a relatively best-guess about the relation) 15

   Total text words so far = 13+ 13=26 

4. '""- Man lär sig av sina misstag.'
   Total words for this sentence: 7, making total sentence word count = 26+7=33
   -Man' head of 'sig',  (18, and counting prior sentences that give many examples to build on using)
   1+1+  rest is easy.

   Total Distance = 15+ 2 = 17.

5.  Och' (24), Total distance, as is head type subject verb, easy. following prior so related too prior item man head ('  I '18') and another word verb Sig to easily associate.  
   'Och' makes the third sentence verb head usage example to the prior like item, and it gets verb Head as with, used prior  Sig to 3 different things only head
   Here 3 different prior line items all having head verb so two used prior and get 1 to connect all items from Man has and see. 
   2 (Och verb type meaning following and is 23)  
   +3- Man (16 head)- misstak is part one to line for two then using had head verb before where here, Sig connects verb has before those, and then all get is  4 
    Total distance: 17+ 4 = 21
   Total text words so far: 33+7 = 40.


6. Misstag som man gjort ligger bakom en och det som ligger bakom en är också historia.
   The above line requires splitting verbs objects from the two verb type to get subject, verb and  objects ('subject  man is a bit less clear relating, has been argued with has'). Will need, but no time.
   -Word counts for this sentence = 15
    24, misstak + 22 (distance back), +11 (Som  is for part of subject)-. Also +3 (prior explained to this what is from verb type of 'sig', examples given, counting once- used prior for verb related explanation 'man L ar sig Av'.
   Then +1(simple same part), +0(same item part Head since same verb usage, but related to different"
diva_short_4.txt,,3.2436974789915967,N/A,
diva_short_5.txt,1.0,3.5606060606060606,2.5606060606060606,"To calculate the Average Dependency Distance (ADD) score, we need to identify the syntactically related words (head words) and their positions in the sentence, and then apply the formula: ADD = (1/n) * Σ|h_i - i|. 

However, since the provided text is in Swedish and it consists of multiple sentences, we will need to break it down sentence by sentence for simplicity. Let's calculate the ADD score for the first sentence.

Jag (I) valde (chose) att (to) skriva (write) om (about) när (when) vallonerna (the Walloons) emigrerade (emigrated) hit (here) från (from) Vallonien (Walloonia) till (to) Sverige (Sweden).

1. ""Jag"" is the subject and the head word for the sentence, its position is 1. 
    - The word ""valde"" is a head word for the word ""att"", and its position is 2. Distance is 1.
    - The word ""att"" is a head word for the word ""skriva"" and its position is 3. Distance is 1.
    - The word ""skriva"" is a head word for the word ""om"" and its position is 4. Distance is 2 (including the word ""när"").
    - The word ""om"" depends on ""skriva"". Distance is 1 (not counted since it is a dependency of the last calculated distance ""om"" is within the same structure).
    - The word ""när"" is a head word for the word ""vallonerna"", its position is 6. Distance is 5 (not counted since it breaks sentence logic structure). 
    - The word ""vallonerna"" is a head word for the word ""emigrerade"" and its position is 7. Distance is 6 (continuation of previous sentence segment).
    - The word ""emigrerade"" is a head word for the word ""hit"" and its position is 9. Distance is 2.
    - The word ""hit"" is not syntactically related to the following words (it is part of the verb phrase).
    - The word ""från"" is a head word for the word ""Vallonien"" and its position is 11. Distance is 3 (continuation of the previous sentence segment).
    - The word ""Vallonien"" is a head word for the word ""till"" and its position is 12, distance is 1.
    - The word ""till"" is a head word for the word ""Sverige"" and its position is 13. Distance is 1.

However, due to sentence structure breaking (long distance relationships – marked by not counted above), we adjust the actual dependency for:
    -> 1+1+2+6+2+3+1+1 = 17. Not accounting for the 4 above the numbers outside the calculated head distances.


n = 13 (total words) 
ADD for the first sentence is: 17/13 ≈ 1.31

However, for multiple sentences we should follow general instructions rather than fully calculating it in this example explanation to better accommodate ADD general calculation since each sub-sentence here, breaks complexity definition used above the instruction in the example explanation"
