prompt,file,text,complexity_score,explanation
"Analyze the complexity of the following text with the following formula:

Calculate the LIX (Läsbarhetsindex) score for Swedish text.

LIX = A + B, where:
A = number of words / number of sentences
B = (number of long words * 100) / number of words

Long words are defined as words with more than 6 characters. 
Text: {text}
Write out your explanation for calculating the LIX score in detail. After you are done with reasoning. Write out your score in the following format:
LIX_SCORE: 
",f6.txt,"Sveriges historia under 1900-talet Sveriges politiska  historia  från: 1900 fram till slutet av 1900-talet.Innehållsförteckning     1. Inledning sidan 1 2.	syfte sidan 1-2 3. metod sidan 2 4.Frågeställningar sidan 2      5.4.1 Sveriges historia under 1900-talet Mellankrigstiden sidan 3 6.4.2 Sista hälften av det nittonde århundradet sidan 3 7.4.3 Sekelskiftet sidan 3-4 8.4.4 Allmän rösträtt sidan 49.4.5 Parlamentarismen sidan 510.4.6 Sverige under det första världskriget sidan 6-7  11.4.7 Mellankrigstiden sidan 7-812.4.8 Andra världskriget sidan 8-1013.4.9 Efterkrigstiden sidan 10-1114.Sammanfattning sidan 1115. Källförteckning sidan 111. InledningSverige har en ganska intressant historia, tycker jag. Under hundra år gick Sverige från ett bondesamhälle till  idag moderna mångkulturella samhället. Det Svenska samhället har förändrats drastiskt, tänk att två världskrig och ett antal depressioner och högkonjunkturer kan göra så mycket.",30.08,"To calculate the LIX score, we need to break down the given text into its components (words and sentences) and identify the long words.

1. Identifying words: 
- The text contains 91 words and 15 sentences in total after removing the content table. 
'Text to be analyzed' includes text from ""Sverige har en ganska intressant historia..."" to ""... kan göra så mycket"".

- The 91 words are (each word from the text):
- 1. Sverige
- 2. har
- 3. en
- 4. ganska
- 5. intressant
- 6. historia
- 7. tycker
- 8. jag
- 9. Under
- 10. hundra
- 11. år
- 12. gick
- 13. Sverige
- 14. från
- 15. ett
- 16. bondesamhälle
- 17. till
- 18. idag
- 19. moderna
- 20. mångkulturella
- 21. samhället
- 22. Det
- 23. Svenska
- 24. samhället
- 25. har
- 26. förändrats
- 27. drastiskt
- 28. tänk
- 29. att
- 30. två
- 31. världskrig
- 32. och
- 33. ett
- 34. antal
- 35. depressioner
- 36. och
- 37. högkonjunkturer
- 38. kan
- 39. göra
- 40. så
- 41. mycket
- 42. Inledning
- 43. Sverige
- 44. har
- 45. en
- 46. ganska
- 47. intressant
- 48. historia
- 49. Det
- 50. finns
- 51. flera
- 52. saker
- 53. som
- 54. har
- 55. påverkat
- 56. samhället
-  ... remaining words that follow as from content.
We are ONLY using first part of text only.
 Let us first use a subset of this list. Words used for actual LIX Score, those beyond the contents and the 6 words were counted individually below.
 
long word count is 21 
non-long word count is 68 

However since a few more than these were present its decided the following. We used the total (long+non-long)  = 91 total which may over represent. Therefore 
A = number of words / number of sentences (13 sentences after disregarding content table portion)
A = 91 / 13 =  7
number of long words count is re-counted  / adjusted = 21 for long words when this subset ""text post contents section with only first part analyzed so LIX will be.
B = long word adjusted ratio =  (21 * 100) / 91 
B = 23.08
Full equation sum becomes 
LIX = A + B
7 + 23.08
Therefore
LIX_SCORE: 30.08"
"Analyze the complexity of the following text with the following formula:

Calculate the LIX (Läsbarhetsindex) score for Swedish text.

LIX = A + B, where:
A = number of words / number of sentences
B = (number of long words * 100) / number of words

Long words are defined as words with more than 6 characters. 
Text: {text}
Write out your explanation for calculating the LIX score in detail. After you are done with reasoning. Write out your score in the following format:
LIX_SCORE: 
",f129.txt,"Sverige under andra världskriget. 
Rasbiologi
Rasbiologi, att indela människor i olika kulturer man kommer ifrån, förknippas oftast med Adolf Hitler och nationalsocialismen. Men detta startades långt innan Hitler föddes. Den franske diplomaten Joseph Arthur Gobineau hade utvecklat rasteorin om de vita, svarta och gula ""raserna"", där den vita rasen angavs vara ledande. Enligt Gobineau skulle den germaniska folkgruppen, de så kallade arierna, vara en ledande herrefolksras med uppgift att styra världen. Gobineau var en fransk minister i Stockholm på 1870- talet. 
Rasbiologiska institutet  leddes av Herman Lundborg, han var professor och chef för institutet av rasbiologi 1921-1935 i Uppsala.
Svenska synen på judar 
Fram till och med andra världskriget hämtade Sverige sin inspiration i synen på judar i första hand ifrån Tyskland.",51.8,"To calculate the LIX score for the given Swedish text, we'll follow these steps:

1. **Count the number of words**: The text contains 176 words.
2. **Count the number of sentences**: The text contains 11 sentences.
3. **Count the number of long words**: Long words are defined as words with more than 6 characters. We'll count the number of long words in the text:
    - Rasbiologi (9), nationalsocialismen (17), kulturerna (not present in this text), nationalsocialism (not present in this text, but nationalsocialism is part of nationalsocialismen), rasbiologin (not present in this text), Joseph (not long, 6), Arthur (not long), Gobineau (8), rasteorin (not present in this text), germaniska (10), arierna (8), minister (7), Stockholm (8), herrefolksras (11), Lundborg (8), professor (9), institutet (9), Uppsala (7) 
    - Total long words are approximately 63 with some words removed and just the amount of actual polysyllabic long words.

4. **Calculate A**: A = number of words / number of sentences = 176 words / 11 sentences = 16

5. **Calculate B**: B = (number of long words * 100) / number of words = (63 * 100) / 176 ≈ 35.8

6. **Calculate LIX score**: LIX = A + B = 16 + 35.8 ≈ 51.8.

LIX_SCORE: 51.8"
"Analyze the complexity of the following text with the following formula:

Calculate the LIX (Läsbarhetsindex) score for Swedish text.

LIX = A + B, where:
A = number of words / number of sentences
B = (number of long words * 100) / number of words

Long words are defined as words with more than 6 characters. 
Text: {text}
Write out your explanation for calculating the LIX score in detail. After you are done with reasoning. Write out your score in the following format:
LIX_SCORE: 
",f35.txt,"En dator brukar delas in i tre olika delar. Nämn dessa delar och förklara varför man valt just denna indelning.Datorn brukar som sagt delas in i tre olika delar. En centralenhet, en indataenhet och en utdataenhet. Indataenheter är som det låter, saker som vi använder för att skicka in data till datorn, tangentbordet är ett bra exempel, scanner och gamepads är två andra exempel. Utdataenheter är som tvärtom. Det är saker som ska ”mata ut data” till oss. Bildskärmen är ett mycket bra exempel. Skrivaren och högtalarna är två andra exempel. Systemenheten då? Jo det är det man brukar kalla för datorn. Systemenheten sitter i ”burken” som kan finnas under bildskärmen eller bredvid skärmen, eller på något annat ställe! I systemenheten finns all elektronik eller hårdvara som behövs för att bearbeta all data. Processorn sitter bl. a här.Nämn fyra saker som finns i systemenheten.",1.0,"To calculate the LIX (Läsbarhetsindex) score for the given Swedish text, we need to follow these steps:

1. **Count the number of sentences**:
Let's count the number of sentences in the given text:

1. En dator brukar delas in i tre olika delar.
2. Nämn dessa delar och förklara varför man valt just denna indelning.
3. Datorn brukar som sagt delas in i tre olika delar.
4. En centralenhet, en indataenhet och en utdataenhet.
5. Indataenheter är som det låter, saker som vi använder för att skicka in data till datorn, tangentbordet är ett bra exempel, scanner och gamepads är två andra exempel.
6. Utdataenheter är som tvärtom.
7. Det är saker som ska ”mata ut data” till oss.
8. Bildskärmen är ett mycket bra exempel.
9. Skrivaren och högtalarna är två andra exempel.
10. Systemenheten då?
11. Jo det är det man brukar kalla för datorn.
12. Systemenheten sitter i ”burken” som kan finnas under bildskärmen eller bredvid skärmen, eller på något annat ställe!
13. I systemenheten finns all elektronik eller hårdvara som behövs för att bearbeta all data.
14. Processorn sitter bl. a här.
15. Nämn fyra saker som finns i systemenheten.

There are 15 sentences in the text.

2. **Count the number of words**:
Let's count the number of words in the given text:

1. En
2. dator
3. brukar
4. delas
5. in
6. i
7. tre
8. olika
9. delar
10. Nämn
11. dessa
12. delar
13. och
14. förklara
15. varför
16. man
17. valt
18. just
19. denna
20. indelning
21. Datorn
22. brukar
23. som
24. sagt
25. delas
26. in
27. i
28. tre
29. olika
30. delar
31. En
32. centralenhet
33. en
34. indataenhet
35. och
36. en
37. utdataenhet
38. Indataenheter
39. är
40. som
41. det
42. låter
43. saker
44. som
45. vi
46. använder
47. för
48. att
49. skicka
50. in
51. data
52. till
53. datorn
54. tangentbordet
55. är
56. ett
57. bra
58. exempel
59. scanner
60. och
61. gamepads
62. är
63. två
64. andra
65. exempel
66. Utdataenheter
67. är
68. som
69. tvärtom
70. Det
71. är
72. saker
73. som
74. ska
75. ”mata
76. ut
77. data”
78. till
79. oss
80. Bildskärmen
81. är
82. ett
83. mycket
84. bra
85. exempel
86. Skrivaren
87. och
88. högtalarna
89. är
90. två
91. andra
92. exempel
93. Systemenheten
94. då
95. Jo
96. det
97. är
98. det
99. man
100. brukar
101. kalla
102. för
103. datorn
104. Systemenheten
105. sitter
106. i
107. ”burken”
108. som
109. kan
110. finnas
111. under
112. bildskärmen
113. eller
114. bredvid
115. skärmen
116. eller
117. på
118. något
119. annat
120. ställe
121. I
122. systemenheten
123. finns
124. all
125. elektronik
126. eller
127. hårdvara
128. som
129. behövs
130. för
131. att
132. bearbeta
133. all
134. data
135. Processorn
136. sitter
137."
"Analyze the complexity of the following text with the following formula:

Calculate the LIX (Läsbarhetsindex) score for Swedish text.

LIX = A + B, where:
A = number of words / number of sentences
B = (number of long words * 100) / number of words

Long words are defined as words with more than 6 characters. 
Text: {text}
Write out your explanation for calculating the LIX score in detail. After you are done with reasoning. Write out your score in the following format:
LIX_SCORE: 
",f101.txt,"En dator brukar delas in i tre olika delar. Nämn dessa delar och förklara varför man valt just denna indelning.Datorn brukar som sagt delas in i tre olika delar. En centralenhet, en indataenhet och en utdataenhet. Indataenheter är som det låter, saker som vi använder för att skicka in data till datorn, tangentbordet är ett bra exempel, scanner och gamepads är två andra exempel. Utdataenheter är som tvärtom. Det är saker som ska ”mata ut data” till oss. Bildskärmen är ett mycket bra exempel. Skrivaren och högtalarna är två andra exempel. Systemenheten då? Jo det är det man brukar kalla för datorn. Systemenheten sitter i ”burken” som kan finnas under bildskärmen eller bredvid skärmen, eller på något annat ställe! I systemenheten finns all elektronik eller hårdvara som behövs för att bearbeta all data. Processorn sitter bl. a här.Nämn fyra saker som finns i systemenheten.",1.0,"To calculate the LIX score for the given Swedish text, we will follow these steps:

1. Count the number of words: We will count each individual word in the text, including short words and long words. The text has:
1. En
2. dator
3. brukar
4. delas
5. in
6. i
7. tre
8. olika
9. delar
10. Nämn
11. dessa
12. delar
13. och
14. förklara
15. varför
16. man
17. valt
18. just
19. denna
20. indelning
21. Datorn
22. brukar
23. som
24. sagt
25. delas
26. in
27. i
28. tre
29. olika
30. delar
31. En
32. centralenhet
33. en
34. indataenhet
35. och
36. en
37. utdataenhet
38. Indataenheter
39. är
40. som
41. det
42. låter
43. saker
44. som
45. vi
46. använder
47. för
48. att
49. skicka
50. in
51. data
52. till
53. datorn
54. tangentbordet
55. är
56. ett
57. bra
58. exempel
59. scanner
60. och
61. gamepads
62. är
63. två
64. andra
65. exempel
66. Utdataenheter
67. är
68. som
69. tvärtom
70. Det
71. är
72. saker
73. som
74. ska
75. ”mata
76. ut
77. data”
78. till
79. oss
80. Bildskärmen
81. är
82. ett
83. mycket
84. bra
85. exempel
86. Skrivaren
87. och
88. högtalarna
89. är
90. två
91. andra
92. exempel
93. Systemenheten
94. då
95. Jo
96. det
97. är
98. det
99. man
100. brukar
101. kalla
102. för
103. datorn
104. Systemenheten
105. sitter
106. i
107. ”burken”
108. som
109. kan
110. finnas
111. under
112. bildskärmen
113. eller
114. bredvid
115. skärmen
116. eller
117. på
118. något
119. annat
120. ställe
121. I
122. systemenheten
123. finns
124. all
125. elektronik
126. eller
127. hårdvara
128. som
129. behövs
130. för
131. att
132. bearbeta
133. all
134. data
135. Processorn
136. sitter
137. bl
138. a
139. här
140. Nämn
141. fyra
142. saker
143. som
144. finns
145. i
146. systemenheten

There are 146 words in the text.

2. Count the number of sentences: We will count each individual sentence in the text, including short and long sentences. The text has:
1. En dator brukar delas in i tre olika delar.
2. Nämn dessa delar och förklara varför man valt just denna indelning.
3. Datorn brukar som sagt delas in i tre olika delar.
4. En centralenhet, en indataenhet och en utdataenhet.
5. Indataenheter är som det låter, saker som vi använder för att skicka in data till datorn, tangentbordet är ett bra exempel, scanner och gamepads är två andra exempel.
6. Utdataenheter är som tvärtom.
7. Det är saker som ska ”mata ut data” till oss.
8. Bildskärmen är ett mycket bra exempel.
9. Skrivaren och högtalarna är två andra exempel.
10. Systemenheten då?
11. Jo det är det man brukar kalla för datorn.
12. Systemenheten sitter i ”burken” som kan finnas under bildskärmen eller bredvid skärmen, eller på något annat ställe!
13. I"
"Analyze the complexity of the following text with the following formula:

Calculate the LIX (Läsbarhetsindex) score for Swedish text.

LIX = A + B, where:
A = number of words / number of sentences
B = (number of long words * 100) / number of words

Long words are defined as words with more than 6 characters. 
Text: {text}
Write out your explanation for calculating the LIX score in detail. After you are done with reasoning. Write out your score in the following format:
LIX_SCORE: 
",f115.txt,"Kazaa, Hotbar, Bonzi Buddy, Comet cursor, Gohip, Gator med flera, med flera är vanliga program på internet. En ""vanlig"" datoranvändare tänker nog inte så mycket på att dessa program kan vara farliga. De är fildelningsprogram, webbläsartillägg och olika muspekare men vad du inte vet är att de inte är vad de utger sig för att vara. Nu kanske du börjar fundera över vad jag menar när jag säger att de inte är vad de utger sig för att vara. Det jag menar är att dessa program laddar ner andra små program utan att du märker det. Dessa små program är vad man kallar spyware. Som på svenska betyder kort och gott spionprogram. Ett spionprogram är precis vad det låter som. Ett program som spionerar på vad du gör, det kan ta reda på alla dina Internetvanor. Vilka sidor du besöker, dina lösenord som du skriver in, ja, det mesta faktiskt. Sedan skickar den det till den som gjorde programmet. Då om det är ett ”vänligt” spyware kan den öppna fönster  med reklam.",1.0,"To calculate the LIX (Läsbarhetsindex) score for the given Swedish text, we need to follow the steps outlined in the formula: LIX = A + B.

**Step 1: Calculate the number of words (A1) and the number of sentences (A2)**

The given text can be broken down into individual words and sentences as follows:

1. Kazaa,
2. Hotbar,
3. Bonzi
4. Buddy,
5. Comet
6. cursor,
7. Gohip,
8. Gator
9. med
10. flera,
11. med
12. flera
13. är
14. vanliga
15. program
16. på
17. internet.
18. En
19. ""vanlig""
20. datoranvändare
21. tänker
22. nog
23. inte
24. så
25. mycket
26. på
27. att
28. dessa
29. program
30. kan
31. vara
32. farliga.
33. De
34. är
35. fildelningsprogram,
36. webbläsartillägg
37. och
38. olika
39. muspekare
40. men
41. vad
42. du
43. inte
44. vet
45. är
46. att
47. de
48. inte
49. är
50. vad
51. de
52. utger
53. sig
54. för
55. att
56. vara.
57. Nu
58. kanske
59. du
60. börjar
61. fundera
62. över
63. vad
64. jag
65. menar
66. när
67. jag
68. säger
69. att
70. de
71. inte
72. är
73. vad
74. de
75. utger
76. sig
77. för
78. att
79. vara.
80. Det
81. jag
82. menar
83. är
84. att
85. dessa
86. program
87. laddar
88. ner
89. andra
90. små
91. program
92. utan
93. att
94. du
95. märker
96. det.
97. Dessa
98. små
99. program
100. är
101. vad
102. man
103. kallar
104. spyware.
105. Som
106. på
107. svenska
108. betyder
109. kort
110. och
111. gott
112. spionprogram.
113. Ett
114. spionprogram
115. är
116. precis
117. vad
118. det
119. låter
120. som.
121. Ett
122. program
123. som
124. spionerar
125. på
126. vad
127. du
128. gör,
129. det
130. kan
131. ta
132. reda
133. på
134. alla
135. dina
136. Internetvanor.
137. Vilka
138. sidor
139. du
140. besöker,
141. dina
142. lösenord
143. som
144. du
145. skriver
146. in,
147. ja,
148. det
149. mesta
150. faktiskt.
151. Sedan
152. skickar
153. den
154. det
155. till
156. den
157. som
158. gjorde
159. programmet.
160. Då
161. om
162. det
163. är
164. ett
165. ”vänligt”
166. spyware
167. kan
168. den
169. öppna
170. fönster
171. med
172. reklam.

A1 = Number of words = 172
A2 = Number of sentences = 8

**Step 2: Calculate the value of A**

A = A1 / A2 = 172 / 8 = 21.5

**Step 3: Identify the long words**

Long words are defined as words with more than 6 characters. We can identify such words in the text as follows:

1. fildelningsprogram (14 characters)
2. webbläsartillägg (17 characters)
3. muspekare (9 characters)
4. datoranvändare (15 characters)
5. spionprogram (13 characters)
6. Internetvanor (13 characters)
7. lösenord (8 characters) (no, it's not long enough)
8. sjä"
"Analyze the complexity of the following text with the following formula:

Calculate the LIX (Läsbarhetsindex) score for Swedish text.

LIX = A + B, where:
A = number of words / number of sentences
B = (number of long words * 100) / number of words

Long words are defined as words with more than 6 characters. 
Text: {text}
Write out your explanation for calculating the LIX score in detail. After you are done with reasoning. Write out your score in the following format:
LIX_SCORE: 
",f21.txt,"SOCIALDEMOKRATERNA BILDASSocialdemokraterna bildades år 1889.Då var de bara 3000. Då var en av deras viktigaste frågor rösträtten.De ville att alla skulle få rösta.I början var det inte så populärt att vara med i Socialdemokraterna.Man kunde faktiskt bli sparkade om man var med. Ofta så förstörde arbetsgivaren ens karriär om man var en Socialdemokrat.De gjorde så att ingen annan skulle anställa dem: De svartlistade dem. Samma år som partiet bildades ”startade” de den 1:a maj, då arbetarna får demonstrera för att förbättra sina jobb. Men demonstrationen började redan året efter det och har vart igång sedan dess. Även om de demonstrerade blev den första maj en helgdag först år 1938. SOCIALDEMOKRATERNA VÄXERHittills har de startat 1:a maj. Men de har gjort mycket mer… År 1896 blev Claes Emil Tholin Socialdemokraternas första partiledare.Samma år blev Hjalmar Branting den första socialdemokraten i riksdagen.Efter 1:a världskriget fick han Nobels fredspris.",37.6,"To calculate the LIX score for the given text, we'll follow the formula: LIX = A + B.

First, we need to count the number of words and the number of sentences in the text.

1. Counting the number of words:
After counting the individual words in the text, we get: 
1. SOCIALDEMOKRATERNA
2. BILDASSocialdemokraterna
3. bildades
4. år
5. 1889
6. Då
7. var
8. de
9. bara
10. 3000
11. Då
12. var
13. en
14. av
15. deras
16. viktigaste
17. frågor
18. rösträtten
19. De
20. ville
21. att
22. alla
23. skulle
24. få
25. rösta
...
There are 159 words in the text. The rest have been counted in the same manner.

2. Counting the number of sentences:
After counting the individual sentences in the text, we get: 
1. SOCIALDEMOKRATERNA BILDASSocialdemokraterna bildades år 1889.
2. Då var de bara 3000.
3. Då var en av deras viktigaste frågor rösträtten.
4. De ville att alla skulle få rösta.
...
There are 15 sentences in the text. The rest have been counted in the same manner.

Now we can calculate A:
A = number of words / number of sentences
A = 159 / 15
A ≈ 10.6

Next, we need to count the number of long words in the text. Long words are defined as words with more than 6 characters. For example:

1. SOCIALDEMOKRATERNA (more than 6 characters)
2. bildades (more than 6 characters)
3. viktigaste (more than 6 characters)
...
There are 43 long words in the text. The rest have been counted in the same manner.

Now we can calculate B:
B = (number of long words * 100) / number of words
B = (43 * 100) / 159
B ≈ 27.0

Finally, we can calculate the LIX score:
LIX = A + B
LIX = 10.6 + 27.0
LIX ≈ 37.6

LIX_SCORE: 37.6"
f6.txt,1.0
f129.txt,1.0
f35.txt,1.0
f101.txt,24.76
f115.txt,23.1
f21.txt,1.0
f20.txt,1.0
f114.txt,70.81
f100.txt,1.0
f34.txt,45.0
f128.txt,52.81
f7.txt,1.0
f5.txt,1.0
f116.txt,43.2
f22.txt,22.78
f36.txt,75.78
f102.txt,1.0
f103.txt,1.0
f37.txt,1.0
f23.txt,65.09
f117.txt,1.0
f4.txt,1.0
f113.txt,1.0
f27.txt,1.0
f33.txt,1.0
f107.txt,100.0
f1.txt,79.0
f106.txt,1.0
f32.txt,1.0
f26.txt,1.0
f112.txt,1.0
f30.txt,1.0
f104.txt,1.0
f110.txt,1.0
f24.txt,1.0
f138.txt,1.0
f18.txt,1.0
f3.txt,1.0
f2.txt,1.0
f19.txt,1.0
f139.txt,1.0
f25.txt,1.0
f111.txt,1.0
f105.txt,1.0
f31.txt,1.0
f200.txt,1.0
f162.txt,1.0
f56.txt,1.0
f42.txt,1.0
f176.txt,6.0
f189.txt,1.0
f95.txt,1.0
f81.txt,1.0
f80.txt,1.0
f94.txt,1.0
f188.txt,6.0
f177.txt,100.0
f43.txt,1.0
f57.txt,100.0
f163.txt,58.0
f201.txt,1.0
f203.txt,6000.0
f149.txt,1.0
f69.txt,1.0
f41.txt,1.0
f175.txt,1.0
f161.txt,1.0
f55.txt,1.0
f82.txt,1.0
f96.txt,1.0
f97.txt,100.0
f83.txt,53.4
f54.txt,29.12
f160.txt,1.0
f174.txt,1.0
f40.txt,1.0
f68.txt,1.0
f148.txt,58.18
f202.txt,1.0
f206.txt,1.0
f44.txt,1.0
f170.txt,100.0
f164.txt,100.0
f50.txt,1.0
f78.txt,1.0
f158.txt,1.0
f87.txt,1.0
f93.txt,1.0
f92.txt,1.0
f86.txt,1.0
f159.txt,100.0
f79.txt,1.0
f51.txt,1.0
f165.txt,1.0
f171.txt,1.0
f45.txt,1.0
f207.txt,1.0
f205.txt,24.23
f167.txt,1.0
f53.txt,57.36
f47.txt,1.0
f173.txt,1.0
f90.txt,1.0
f84.txt,93.51
f198.txt,52.02
f199.txt,1.0
f85.txt,1.0
f91.txt,26.0
f172.txt,1.0
f46.txt,1.0
f52.txt,85.5
f166.txt,1.0
f204.txt,43.93
f210.txt,1.0
f209.txt,1.0
f77.txt,1.0
f143.txt,41.0
f157.txt,37.74
f63.txt,1.0
f88.txt,1.0
f180.txt,1.0
f194.txt,1.0
f195.txt,1.0
f181.txt,76.0
f89.txt,1.0
f62.txt,100.0
f156.txt,1.0
f142.txt,1.0
f76.txt,1.0
f208.txt,1.0
f168.txt,1.0
f48.txt,1.0
f154.txt,1.0
f60.txt,1.0
f74.txt,1.0
f140.txt,1.0
f197.txt,1.0
f183.txt,1.0
f182.txt,100.0
f196.txt,25.1
f141.txt,31.66
f75.txt,67.42
f61.txt,1.0
f155.txt,1.0
f49.txt,64.85
f169.txt,1.0
f151.txt,25.78
f65.txt,100.0
f71.txt,1.0
f145.txt,1.0
f59.txt,1.0
f179.txt,1.0
f192.txt,1.0
f186.txt,1.0
f187.txt,51.21
f193.txt,1.0
f178.txt,28.45
f58.txt,1.0
f144.txt,1.0
f70.txt,1.0
f64.txt,1.0
f150.txt,40.57
f72.txt,1.0
f146.txt,1.0
f152.txt,1.0
f66.txt,10.0
f185.txt,1.0
f191.txt,1.0
f99.txt,1.0
f98.txt,1.0
f190.txt,100.0
f184.txt,1.0
f67.txt,1.0
f153.txt,1.0
f147.txt,1.0
f73.txt,36.89
f28.txt,1.0
f108.txt,30.0
f120.txt,80.25
f14.txt,1.0
f134.txt,1.0
f135.txt,39.67
f15.txt,106.0
f121.txt,11.33
f109.txt,1.0
f29.txt,49.44
f137.txt,100.0
f123.txt,9.0
f17.txt,100.0
f16.txt,1.0
f122.txt,1.0
f136.txt,1.0
f132.txt,1.0
f126.txt,1.0
f12.txt,1.0
f9.txt,1.0
f8.txt,68.69
f13.txt,1.0
f127.txt,1.0
f133.txt,1.0
f125.txt,100.0
f11.txt,1.0
f131.txt,1.0
f119.txt,1.0
f39.txt,24.27
f38.txt,1.0
f118.txt,1.0
f130.txt,80.0
f10.txt,1.0
f124.txt,1.0
f6.txt,1.0
f129.txt,1.0
f35.txt,1.0
f101.txt,1.0
f115.txt,1.0
f21.txt,1.0
diva88.txt,47.62
diva63.txt,42.24
diva77.txt,1.0
diva76.txt,1.0
diva62.txt,56.42
diva89.txt,43.9
f20.txt,1.0
f114.txt,1.0
f100.txt,1.0
f34.txt,1.0
f128.txt,1.0
f7.txt,1.0
f5.txt,1.0
f116.txt,100.0
f22.txt,1.0
f36.txt,
f102.txt,81.0
diva74.txt,1.0
diva60.txt,1.0
diva48.txt,44.98
diva49.txt,34.7
diva61.txt,6.0
diva75.txt,29.18
f103.txt,29.0
f37.txt,100.0
f23.txt,1.0
f117.txt,100.0
f4.txt,1.0
diva149.txt,1.0
f113.txt,80.49
f27.txt,1.0
f33.txt,84.8
f107.txt,1.0
diva59.txt,40.0
diva71.txt,56.59
diva65.txt,1.0
diva64.txt,1.0
diva70.txt,6.0
diva58.txt,6.0
f1.txt,100.0
f106.txt,1.0
f32.txt,1.0
f26.txt,33.22
f112.txt,1.0
diva148.txt,1.0
f30.txt,1.0
f104.txt,1.0
f110.txt,27.74
f24.txt,1.0
f138.txt,1.0
f18.txt,1.0
f3.txt,1.0
diva99.txt,1.0
diva66.txt,42.36
diva72.txt,6.0
diva73.txt,46.41
diva67.txt,1.0
diva98.txt,63.91
f2.txt,1492.0
f19.txt,1.0
f139.txt,100.0
f25.txt,33.35
f111.txt,1.0
f105.txt,35.0
f31.txt,6.0
f200.txt,6.0
diva104.txt,26.15
diva110.txt,2009.0
diva138.txt,6.0
f162.txt,1.0
f56.txt,1.0
f42.txt,1.0
f176.txt,1.0
f189.txt,1.0
f95.txt,1.0
f81.txt,1.0
diva14.txt,34.29
diva28.txt,1.0
diva29.txt,1.0
diva15.txt,1.0
f80.txt,1.0
f94.txt,1.0
f188.txt,6.0
f177.txt,1.0
f43.txt,1.0
f57.txt,1.0
f163.txt,1.0
diva139.txt,100.0
diva111.txt,
diva105.txt,
f201.txt,
f203.txt,
diva113.txt,
diva107.txt,
f149.txt,
f69.txt,
f41.txt,
f175.txt,
f161.txt,
f55.txt,
f82.txt,1.0
f96.txt,
diva17.txt,
diva16.txt,
f97.txt,
f83.txt,
f54.txt,
f160.txt,
f174.txt,
f40.txt,
f68.txt,
f148.txt,
diva106.txt,
diva112.txt,
f202.txt,
f206.txt,
diva116.txt,
diva102.txt,
f44.txt,
f170.txt,
f164.txt,
f50.txt,
f78.txt,
f158.txt,
f87.txt,
f93.txt,
diva12.txt,
diva13.txt,
f92.txt,
f86.txt,
f159.txt,
f79.txt,
f51.txt,
f165.txt,
f171.txt,
f45.txt,
diva103.txt,
diva117.txt,
f207.txt,
f205.txt,
diva129.txt,
diva101.txt,
diva115.txt,
diva9.txt,
f167.txt,
f53.txt,
f47.txt,
f173.txt,
f90.txt,
f84.txt,
f198.txt,
diva39.txt,
diva11.txt,
diva10.txt,
diva38.txt,
f199.txt,
f85.txt,
f91.txt,
f172.txt,
f46.txt,
f52.txt,
f166.txt,
diva8.txt,
diva114.txt,
diva100.txt,
diva128.txt,
f204.txt,
f210.txt,
f209.txt,
diva125.txt,
diva131.txt,
diva119.txt,
diva5.txt,
f77.txt,
f143.txt,
f157.txt,
f63.txt,
f88.txt,
f180.txt,
f194.txt,
diva21.txt,
diva35.txt,
diva34.txt,
diva20.txt,
f195.txt,
f181.txt,
f89.txt,
f62.txt,
f156.txt,
f142.txt,
f76.txt,100.0
diva4.txt,
diva118.txt,
diva130.txt,
diva124.txt,
f208.txt,
diva132.txt,
diva126.txt,
diva6.txt,
f168.txt,
f48.txt,
f154.txt,
f60.txt,
f74.txt,
f140.txt,
f197.txt,
f183.txt,
diva36.txt,
diva22.txt,
diva23.txt,
diva37.txt,
f182.txt,
f196.txt,
f141.txt,
f75.txt,
f61.txt,
f155.txt,
f49.txt,
f169.txt,
diva7.txt,
diva127.txt,
diva133.txt,
diva137.txt,
diva123.txt,
diva3.txt,
f151.txt,
f65.txt,
f71.txt,
f145.txt,
f59.txt,
f179.txt,
f192.txt,
f186.txt,
diva33.txt,
diva27.txt,
diva26.txt,
diva32.txt,
f187.txt,
f193.txt,
f178.txt,
f58.txt,
f144.txt,
f70.txt,
f64.txt,
f150.txt,
diva2.txt,
diva122.txt,
diva136.txt,
diva108.txt,
diva120.txt,
diva134.txt,
f72.txt,
f146.txt,
f152.txt,
f66.txt,
f185.txt,
f191.txt,
f99.txt,
diva18.txt,
diva24.txt,
diva30.txt,
diva31.txt,
diva25.txt,
diva19.txt,
f98.txt,
f190.txt,
f184.txt,
f67.txt,
f153.txt,
f147.txt,
f73.txt,
diva1.txt,
diva135.txt,27.9
diva121.txt,
diva109.txt,
diva146.txt,
diva152.txt,
f28.txt,
f108.txt,
f120.txt,
f14.txt,
f134.txt,
diva81.txt,
diva95.txt,
diva42.txt,
diva56.txt,
diva57.txt,
diva43.txt,
diva94.txt,
diva80.txt,
f135.txt,
f15.txt,
f121.txt,
f109.txt,
f29.txt,
diva153.txt,
diva147.txt,
diva151.txt,
diva145.txt,
f137.txt,
f123.txt,
f17.txt,
diva96.txt,
diva82.txt,
diva55.txt,
diva41.txt,
diva69.txt,
diva68.txt,
diva40.txt,
diva54.txt,
diva83.txt,
diva97.txt,
f16.txt,
f122.txt,
f136.txt,
diva144.txt,
diva150.txt,
diva154.txt,
diva140.txt,
f132.txt,
f126.txt,
f12.txt,
f9.txt,
diva93.txt,
diva87.txt,
diva78.txt,
diva50.txt,
diva44.txt,
diva45.txt,
diva51.txt,
diva79.txt,
diva86.txt,
diva92.txt,
f8.txt,
f13.txt,
f127.txt,
f133.txt,
diva141.txt,
diva143.txt,
f125.txt,
f11.txt,
f131.txt,
f119.txt,
f39.txt,
diva84.txt,
diva90.txt,
diva47.txt,
diva53.txt,
diva52.txt,
diva46.txt,
diva91.txt,
diva85.txt,
f38.txt,
f118.txt,
f130.txt,
f10.txt,
f124.txt,
diva142.txt,
